{"YEAR":{"0":1948.0,"1":1949.0,"2":1950.0,"3":1951.0,"4":1952.0,"5":1953.0,"6":1954.0,"7":1955.0,"8":1956.0,"9":1957.0,"10":1958.0,"11":1959.0,"12":1960.0,"13":1961.0,"14":1962.0,"15":1963.0,"16":1964.0,"17":1965.0,"18":1966.0,"19":1967.0,"20":1968.0,"21":1969.0,"22":1970.0,"23":1971.0,"24":1972.0,"25":1973.0,"26":1974.0,"27":1975.0,"28":1976.0,"29":1977.0,"30":1978.0,"31":1979.0},"Y":{"0":1.2139999866,"1":1.3539999723,"2":1.5690000057,"3":1.9479999542,"4":2.2650001049,"5":2.7309999466,"6":3.0250000954,"7":3.5620000362,"8":3.9790000916,"9":4.4200000763,"10":4.5630002022,"11":5.3850002289,"12":5.5539999008,"13":5.4650001526,"14":5.8249998093,"15":6.8759999275,"16":7.8229999542,"17":9.1199998856,"18":10.5120000839,"19":13.0200004578,"20":15.2609996796,"21":16.3129997253,"22":16.0020008087,"23":15.8760004044,"24":16.6620006561,"25":17.013999939,"26":19.3050003052,"27":18.7210006714,"28":19.25,"29":20.6469993591,"30":22.7259998322,"31":23.6189994812},"W":{"0":0.2430000007,"1":0.2599999905,"2":0.2779999971,"3":0.2969999909,"4":0.3100000024,"5":0.3219999969,"6":0.3350000083,"7":0.349999994,"8":0.3610000014,"9":0.3790000081,"10":0.3910000026,"11":0.425999999,"12":0.4410000145,"13":0.4600000083,"14":0.4850000143,"15":0.5059999824,"16":0.5379999876,"17":0.5640000105,"18":0.5860000253,"19":0.621999979,"20":0.6660000086,"21":0.7310000062,"22":0.8309999704,"23":0.9060000181,"24":1.0,"25":1.0559999943,"26":1.131000042,"27":1.246999979,"28":1.375,"29":1.5440000296,"30":1.7029999495,"31":1.7790000439},"R":{"0":0.1454000026,"1":0.2180999964,"2":0.3156999946,"3":0.3939999938,"4":0.3558999896,"5":0.3592999876,"6":0.4025000036,"7":0.3961000144,"8":0.3822000027,"9":0.3045000136,"10":0.328399986,"11":0.3856000006,"12":0.3192999959,"13":0.3079000115,"14":0.3783000112,"15":0.4180000126,"16":0.5163000226,"17":0.5878999829,"18":0.5368999839,"19":0.4442999959,"20":0.3052000105,"21":0.2331999987,"22":0.1882999986,"23":0.2022999972,"24":0.2506000102,"25":0.2667999864,"26":0.2664000094,"27":0.2301000059,"28":0.3452000022,"29":0.4508000016,"30":0.5877000093,"31":0.5346000195},"L":{"0":1.4149999619,"1":1.3839999437,"2":1.3880000114,"3":1.5499999523,"4":1.8020000458,"5":1.925999999,"6":1.9639999866,"7":2.1159999371,"8":2.4349999428,"9":2.7070000172,"10":2.7060000896,"11":2.8459999561,"12":3.0889999866,"13":3.121999979,"14":3.1840000153,"15":3.2630000114,"16":3.4119999409,"17":3.6229999065,"18":4.0739998817,"19":4.7100000381,"20":5.2170000076,"21":5.5689997673,"22":5.4949998856,"23":5.3340001106,"24":5.3449997902,"25":5.6620001793,"26":5.7290000916,"27":5.7220001221,"28":5.7620000839,"29":5.876999855,"30":6.1079998016,"31":6.8520002365},"K":{"0":0.6119999886,"1":0.5590000153,"2":0.5730000138,"3":0.5640000105,"4":0.574000001,"5":0.7110000253,"6":0.7760000229,"7":0.8270000219,"8":0.8000000119,"9":0.9210000038,"10":1.0670000315,"11":1.0829999447,"12":1.4809999466,"13":1.7359999418,"14":1.925999999,"15":2.0409998894,"16":1.996999979,"17":2.2569999695,"18":2.742000103,"19":3.5639998913,"20":4.7670001984,"21":6.5110001564,"22":7.626999855,"23":8.6730003357,"24":8.3310003281,"25":8.5570001602,"26":9.5080003738,"27":9.0620002747,"28":8.2620000839,"29":7.4739999771,"30":7.1040000916,"31":6.8740000725}}